parameter,rmse,r_squared,relative_rmse_pct,mae_bootstrap_ci_lo,mae_bootstrap_ci_hi
N,0.3950747260394301,0.167592846210745,26.338315069295344,0.2838281816600727,0.3381539009039442
Cab,8.764416391626977,0.8559533615696338,10.955520489533722,5.53794153410312,6.91529424593699
Car,6.986287911503209,-0.4641639897291119,34.93143955751604,5.0511932527419345,5.954393270619308
Ant,2.8245109379041278,0.04357109550393645,28.245109379041274,1.9707477966345317,2.3734760342676005
Cw,0.005002805222979466,0.8696903083387921,10.422510881207222,0.003256538730049244,0.004019603853561773
Cm,0.0029256543708669246,0.6825025636533906,16.253635393705135,0.001896881709639267,0.0023521271550872714
LAI,1.1345079372783717,0.4895818758474587,20.62741704142494,0.7162622337295976,0.9010104015975564
