parameter,5-band multispectral (no SWIR),Full hyperspectral (valid bands),improvement_pct_points
Cw,40.58429348442133,10.422510881207222,30.161782603214107
Cm,24.6563329754852,16.253635393705135,8.402697581780064
LAI,27.44943550041797,20.62741704142494,6.822018458993028
Car,38.40230289515184,34.93143955751604,3.470863337635798
N,27.11703234041187,26.338315069295344,0.7787172711165269
Cab,8.996675438840501,10.955520489533722,-1.9588450506932205
Ant,19.20930940633906,28.245109379041278,-9.035799972702218
