parameter,r_squared_single_nn,r_squared_k100_mean
N,0.167592846210745,0.38797970295853557
Cab,0.8559533615696338,0.8165819266820162
Car,-0.4641639897291119,0.06957537411680204
Ant,0.04357109550393645,0.16935185777356498
Cw,0.8696903083387921,0.8606733835688699
Cm,0.6825025636533906,0.7086440317369069
LAI,0.4895818758474587,0.5928690668420821
